.pred,.pred_lower,.pred_upper,Player,Nation,Year,League,Squad,Age,Playing Time 90s,Performance GA90,Performance Saves,Performance Save%,Performance CS%,Penalty Kicks PKsv,Penalty Kicks PKA,salary
60.89349124044796,54.666147832066756,62.54029765963399,F. Dauda,Nganion,2020,A,Fanatical Outlaws,34,7.62,2.27,4.8,68.69,0.1,0,0.11,18470000
70.74888234634336,67.1718266136344,73.0666652196255,S. Kiconco,Nkasland Cronestan,2020,A,Fanatical Outlaws,35,23.47,1.42,2.97,68.39,20.06,0.1,0.06,16720000
75.87033062943905,76.0401620841764,83.81161601101947,R. Namuganza,People's Land of Maneau,2020,A,Fanatical Outlaws,34,4.88,1.24,2.91,69.97,50.04,0.08,0,17850000
67.37303971838897,58.05785093855986,71.79822173105661,R. Chee,Southslands,2020,A,Fanatical Outlaws,33,2,2.49,2.45,55.66,0,0,0.57,4940000
70.70416597898621,66.701486764241,71.80937303329384,Z. Marini,Central Republic of Boekrainego,2020,A,Fighting Cougars,28,38.05,1.48,3.08,68.33,23.63,0.07,0.1,22680000
64.90192852613251,56.62210609247956,65.71136326345322,K. Smits,People's Land of Maneau,2020,A,Great Galactic Gorgons,30,2.03,3.03,2.93,50,0.07,0,0.04,6400000
74.90043733054108,72.52924996280126,78.3371569261557,P. Kabugo,People's Land of Maneau,2020,A,Great Galactic Gorgons,23,36.05,0.84,2.72,75.22,36.17,0,0.08,21600000
75.10964956408527,71.70676208537924,76.87067816435467,G. Mwebaze,Nganion,2020,A,Green Fleet,30,37.94,0.96,2.46,73.54,34.16,0.05,0.16,17220000
73.76310437204253,72.33685042851886,81.05441266706214,R. Wanyama,Imaar Vircoand,2020,A,Horrible Grizzlies,39,4.99,1.4,2.01,56.27,20.05,0,0.06,10480000
75.37128146553407,73.3508338559079,80.55090571619024,J. Nkrumah,Nganion,2020,A,Horrible Grizzlies,26,32.99,1.38,1.6,54.42,24.23,0,0.14,9020000
70.71821649903177,67.04306191271358,73.45919186895081,J. Turyasingura,Nganion,2020,A,Horrible Storm,38,12.06,1.65,2.69,63.92,16.71,0.06,0.14,20310000
68.70962646138895,65.23090055744312,70.41745783282865,S. Herrera,People's Land of Maneau,2020,A,Horrible Storm,34,19.95,1.77,3.44,67.74,20.08,0.08,0.2,11460000
71.84310569001438,70.66558204122245,75.84466604633056,M. Alzahrani,Redohrainbri,2020,A,Horrible Storm,30,6.07,1.96,2.28,53.87,20.02,0,0,17380000
68.96107631414398,64.51886234358557,69.40413253240868,V. Kumwenda,Esia,2020,A,Mighty Jays,28,29.38,1.36,3.77,77.64,23.37,0.02,0.1,33830000
71.35271857198455,70.14430474401723,77.51239530522997,S. Tamale,Imaar Vircoand,2020,A,Mighty Jays,28,8.54,1.07,3.93,81,37.59,0,0.16,21810000
68.35637260269421,61.612437674392396,70.14615018687508,A. Soong,People's Land of Maneau,2020,A,Odd Ducks,22,37.02,1.75,3.19,67.77,13.48,0.13,0.09,10210000
67.74259553207521,61.25402956920101,72.51752401721998,F. Malik,Southslands,2020,A,Odd Ducks,21,1.02,3,1.98,40.07,0,0.02,0,11480000
78.49583343246128,77.5658813954526,82.60078594077652,U. Nakazibwe,Lefghau,2020,A,Old Mustangs,28,28.25,0.73,2.03,72.29,44.89,0,0,26960000
75.54303329277775,74.33740939195113,80.67817378934706,F. Walker,Nganion,2020,A,Old Mustangs,33,9.68,1.06,1.73,64.39,22.25,0.06,0.03,9410000
72.51690730758213,68.09867004574896,74.23220128808951,X. Neri,People's Land of Maneau,2020,A,Punctual Rustlers,26,37.94,1.56,2.41,63.3,23.69,0.09,0.07,12620000
60.348882349428735,54.45308867713307,62.38305111288301,Y. Owino,Djipines,2020,A,Silver Heels,33,3.05,2.63,4.75,63.53,0,0.06,0.07,5910000
71.87942687713458,67.5137534306369,72.9431745018516,Q. Musimenta,Nganion,2020,A,Silver Heels,33,35.02,1.27,3.08,71.32,28.58,0,0.02,10610000
74.94782857285342,69.61140883632795,77.37731452788698,S. Zandamela,Mico,2020,A,Solemn Cougars,34,38.09,1.07,2.44,73.81,34.16,0.1,0.31,16450000
69.77467729749677,64.75826738456387,70.46000000672556,M. Janssens,Ledian,2020,A,Somber Bombers,31,38.05,1.59,3.59,70.51,28.94,0,0.1,20260000
68.87120180633916,65.73116652740684,70.50505630084676,W. Kong,Imaar Vircoand,2020,A,Stacked Rocks,28,17.91,1.42,3.21,70.82,11.76,0.01,0.11,14470000
67.27359929700127,60.316058941177324,66.68366305706918,A. Bianco,Byasier Pujan,2020,A,Sugar Storm,32,36.09,1.89,3.49,65.55,13.93,0,0.01,15790000
64.74670477245564,51.38263106764258,75.36299147995311,W. Akena,Highhlaands,2020,A,Sugar Storm,36,1.83,3.4,2.73,45.42,0.03,0.64,0.06,3840000
68.99552515541981,64.56457734169676,72.13622300426933,A. Mlenga,People's Land of Maneau,2020,A,Swift Musketeers,24,9.9,2.45,2.91,56.62,20.07,0,0.24,11480000
72.62717516529848,69.85331860311312,73.80535263206933,F. Ribeiro,People's Land of Maneau,2020,A,Swift Musketeers,31,28.1,1.25,2.68,69.01,25.02,0,0.05,24760000
85.85172562454548,89.70022770217166,106.00668849380658,N. Kyohirwe,Dosqaly,2020,B,Flawless Cows,27,3.07,0.72,0.7,49.93,66.7,0.03,0,1680000
65.32386380053805,61.47846316681424,69.50668940169032,Y. Kyosiimire,Nganion,2020,B,Flawless Cows,27,2.06,1.99,3.49,63.55,0.01,0.1,0,13760000
88.24606830225233,83.93183505356292,98.90931635605646,X. Driscoll,Nkasland Cronestan,2020,B,Flawless Cows,21,1,0.08,2,100.01,99.98,0,0.02,20720000
78.97232158284426,77.93029248236503,84.45013288146616,P. Addae,South Sati Fatina,2020,B,Flawless Cows,34,20.99,0.85,2.19,72.21,52.48,0,0.1,12390000
70.13534249863652,67.58783381676545,73.94827621752651,F. Kimera,Dosqaly,2020,B,Glistening Paladins,23,26.6,1.19,3.62,75.74,25.89,0.02,0.13,19470000
72.90654886884127,63.97127272366896,95.56100871426293,H. Jew,Landsfupua,2020,B,Glistening Paladins,28,1.37,2.2,5.8,80.1,100.08,0,0.75,18560000
72.1272280339389,67.54685372432975,74.02101779073676,V. Bwambale,Dosqaly,2020,B,Golden Rustlers,33,28.02,1.27,2.65,69.84,21.3,0.09,0.01,17350000
74.10913227022866,70.35895513440106,75.53286094832164,T. Bukar,Southern Ristan,2020,B,Grotesque Rocks,28,27.06,1.26,2.4,72.53,29.58,0.08,0.23,11020000
67.62966125917191,63.15811631084748,67.54825733657277,G. Razak,Dosqaly,2020,B,Hideous Pioneers,30,22.57,2.13,3,58.81,9.04,0,0.14,16420000
62.701905808675676,55.76010940422816,63.35763139315573,T. Kibuuka,Janmico,2020,B,Hideous Pioneers,32,2.05,2.6,3.97,61.54,0,0,0.01,11370000
71.15812818611154,70.96867878214182,78.02718540413427,E. Loh,Manlisgamncent,2020,B,Hideous Pioneers,30,3.36,1.14,3.33,73.38,24.99,0.1,0.07,18230000
70.85962172046571,60.139122257378304,85.01808721305927,J. Matambo,Dosqaly,2020,B,Jumping Beans,23,0.92,2.95,0.95,33.35,0,0,0.96,3260000
76.99620110530272,74.26158714604696,81.66818748371062,K. Adero,Rosvi,2020,B,Jumping Beans,25,26.92,0.76,2.5,79.71,44.38,0.13,0.04,11660000
68.73245061493796,63.36852815403688,68.56961018492899,Y. Campbell,Dosqaly,2020,B,Lady Ocelots,34,28.1,1.86,3.24,65.07,17.97,0,0.1,8390000
76.20725509913872,73.8660978364999,80.19164952757924,E. Wibowo,Coastpa Barleslands,2020,B,Overconfident Kangaroos,28,24.08,0.76,2.43,78.31,37.47,0.12,0.07,16090000
74.94038748637695,74.32749206252277,84.73356819007023,B. Ochieng,Dosqaly,2020,B,Overconfident Kangaroos,36,4.09,1.22,3.24,72.29,49.97,0.18,0,23160000
70.48571058691589,66.55281898946507,71.64820136629064,D. Fuchs,Dosqaly,2020,B,Serious Thunderbirds,34,21.92,1.81,2.47,60.6,13.52,0.09,0.19,13560000
73.21711150864233,67.6491521146316,79.88277315102768,H. Kamal,Dosqaly,2020,B,Serious Thunderbirds,34,4.98,0.89,3.55,89.9,40.04,0.08,0.47,29400000
74.71013331654687,74.78739955825102,89.10005783974324,I. Sano,Dosqaly,2020,B,Serious Thunderbirds,19,0.93,0.99,0.97,50.03,0.04,0.1,0.05,4800000
70.47848928594775,62.58689494526443,79.88629057277323,M. Natumanya,Dosqaly,2020,B,Simple Jayhawks,32,1.49,2.58,1.33,40.09,0,0,0.67,12590000
70.61411438272236,67.08317299539912,71.95824826421959,R. Rizzi,Pierrema,2020,B,Simple Jayhawks,32,26.49,1.18,3.65,77.97,29.59,0,0.04,19370000
70.80067117366401,69.107490303737,74.23433331187246,V. Arnold,Coastpa Barleslands,2020,B,Simple Privateers,27,18.01,1.19,3.71,77.05,31.67,0,0,11400000
67.81110619346737,64.05537099666475,70.8606609209915,X. Adikini,Cuandbo,2020,B,Simple Privateers,25,10.04,1.69,2.82,63.08,0,0,0.08,8010000
75.36302997710986,73.09058257205614,79.403001413698,A. Mbusa,Dosqaly,2020,B,Solemn Leopards,35,26.31,0.95,2.75,74.8,40.8,0.1,0.09,20820000
70.24956246534747,63.5030251394384,84.22685253334079,N. Tumwesigye,Dosqaly,2020,B,Solemn Leopards,38,1.8,1.12,2.4,66.73,0,0.5,0,16330000
77.38005895657318,76.10259093022226,81.93268062077611,I. Kumari,Dosqaly,2020,B,Somber Stallions,25,27.92,0.99,2.14,70.55,43,0.02,0.21,13750000
75.26525265598454,72.44412888264905,81.34719274745949,O. Burgos,Dosqaly,2020,B,Supreme Janes,21,27.07,1.14,2.46,71.49,36.99,0.17,0.05,20260000
63.77034381065179,59.13669117486956,65.88860625280972,E. Liepi?š,Rosvi,2020,B,Supreme Janes,32,1.09,2.07,3.97,66.62,0.03,0.01,0.06,7270000
69.6705579336304,66.01934092268148,70.12774869782,Q. Permana,Dosqaly,2020,B,Swift Rustlers,29,28.05,1.59,3.46,71.18,25.05,0,0.15,8090000
71.95511027103163,71.06110795972869,81.60183533436499,O. Noor,Cabral Retrea,2020,B,Unaccountable Foxes,34,1.99,1.01,4.41,81.83,50,0,0,29620000
74.8032640003724,72.5279586520818,78.03835860403962,F. Carbone,Greri Landmoslands,2020,B,Unaccountable Foxes,30,26.01,0.93,2.45,72.91,30.76,0.08,0.01,14090000
73.00974432882477,72.26102392388741,83.4147874974406,L. Dahl,Dosqaly,2020,B,Unethical Comets,22,2.25,1.31,1.33,50.07,0.06,0.02,0,12430000
50.95101689889174,32.70038002771241,53.41328939601742,A. Wati,Greri Landmoslands,2020,B,Unethical Comets,21,0.72,5.08,6.3,50.06,0,0.06,0.09,14690000
71.17755296391339,69.03936303169277,74.4532738693847,F. K?rkli?š,Imaar Vircoand,2020,B,Unethical Comets,28,25,1.08,3.65,78.51,31.97,0.02,0.16,26350000
77.5894485471771,74.77670427941742,82.7677027815112,A. Munda,Dosqaly,2020,B,Villainous Eagles,37,26.03,1.24,1.87,62.78,42.32,0.03,0.16,11500000
76.79417011684143,76.31661753119992,83.6134990921661,M. Mertens,Pahon,2020,B,Villainous Eagles,27,2,0.6,3.04,85.78,50.07,0.02,0,27570000
70.2556409997341,59.22610208840089,76.83790111996214,I. Korugyendo,Dosqaly,2020,B,Weak Blimps,23,1.95,1.02,2.47,83.27,0.09,0,0.57,22710000
67.53028364810113,63.07018463973452,69.8389677645871,C. V?tols,Imaar Vircoand,2020,B,Weak Blimps,27,26.08,1.45,3.81,75.24,15.48,0.12,0.1,13020000
71.1219574748162,68.25307463316862,73.76706484024321,J. Mercier,Dosqaly,2020,B,Wet Monarchs,23,24.41,1.61,2.91,66.79,24.02,0.07,0.08,14590000
71.10584792781727,70.53786763256244,79.41221340314127,L. Ssenyonjo,Dosqaly,2020,B,Wet Monarchs,21,3.41,1.63,3.43,66.72,33.24,0,0.09,17710000
67.82709104191102,62.545805682290606,68.34772138404212,G. Prasetyo,Galamily,2020,C,Awkward Trailblazers,28,32.91,1.99,3.15,61.12,12.09,0.07,0.04,20780000
66.88555171489045,63.791293516951676,70.52726589980635,L. Bbosa,Ingre,2020,C,Awkward Trailblazers,26,0.96,1.96,2.98,59.99,0,0,0.06,8680000
69.4327552676463,65.66681635673253,75.11518465115161,A. Mor,Esia,2020,C,Blue Jaguars,35,3.93,1.02,4,84.99,25.01,0.08,0.25,20050000
69.86211687986632,66.22588005950792,70.72999513709345,H. Nakimera,Esia,2020,C,Blue Jaguars,30,30.07,1.6,3.29,69.14,23.23,0.08,0.09,10810000
68.34471237690968,65.16523067523156,72.26325531309993,E. Kyomukama,Esia,2020,C,Fiery Governors,23,12.54,2.05,3.23,64.14,16.77,0.15,0.23,10040000
67.22151769245573,62.84680104065529,68.66071812842145,L. Nalukenge,Esia,2020,C,Fiery Governors,26,21.59,1.93,3.51,65.51,13.64,0.05,0,11250000
73.09017785689223,69.84508644815105,74.36864341398399,M. Krli?evi?,Leoneku Guidisia,2020,C,Horrible Flames,31,33.92,1.31,2.68,69.38,29.32,0.07,0.14,10800000
70.25720458970594,65.4625003268882,71.33994611397168,R. Yiga,Quewenia,2020,C,Little Lollipops,32,33.91,1.15,3.32,74.26,20.66,0,0,24030000
65.5834827335367,63.17560218255621,75.39786465108179,L. Namuyanja,Byasier Pujan,2020,C,Marvelous Anchors,27,9.98,1.33,5.34,80.02,30.07,0.04,0,17690000
65.75818449990055,61.46546140681856,72.22226874876442,C. Opira,Esia,2020,C,Marvelous Anchors,21,0.87,1.35,3.78,74.9,0,0,0.09,17300000
68.2708882799796,64.55019719955791,69.89700333319544,E. Kaddu,Esia,2020,C,Marvelous Anchors,28,23.24,1.39,3.67,74.68,16.74,0,0.18,15500000
74.65559530062673,73.84355522056157,79.6816517878386,B. Fernandez,Esia,2020,C,Mean Trolls,33,10.02,1.27,2.28,65.7,30.01,0.1,0,8620000
68.31145359287791,63.63867500202888,69.53397467697083,N. Namirembe,Galamily,2020,C,Mean Trolls,28,24.07,2.21,3.09,58.28,16.62,0.06,0,10360000
59.89081055099458,44.1840428086017,60.92712086940885,H. Dayan,Esia,2020,C,Punctual Archers,23,1.06,4.08,3.93,50.05,0.07,0.04,0.04,2170000
69.89819495039606,64.21753592876632,69.74468584368907,E. Mapuranga,Nkasland Cronestan,2020,C,Punctual Archers,33,32.94,1.71,3.24,68.18,24.14,0.02,0.05,14670000
77.57114370833548,76.31753212862199,82.83965799624579,F. Nabunya,Quewenia,2020,C,Serious Cyclones,30,30.73,1.25,1.83,60.28,41.82,0.06,0.02,11600000
87.98492319850246,87.36771464033663,100.17633870722474,M. Zhou,Quewenia,2020,C,Serious Cyclones,33,3.24,0.31,1.93,85.75,100.06,0.02,0.07,23390000
72.1365724914146,70.78112005926417,78.36532476159186,S. Achen,Giumle Lizeibon,2020,C,Silver Frogs,33,7.91,0.96,3.73,80.51,37.41,0,0.15,19820000
71.6641588436589,68.81466298239847,72.83087463691616,L. Msowoya,Southern Ristan,2020,C,Silver Frogs,28,25.97,1.39,2.63,67.3,19.26,0,0.15,9070000
70.20951055281976,65.88230725206039,71.56336395187658,I. Bitton,Esia,2020,C,Spicy Gophers,27,34.08,2.04,2.58,57.14,17.67,0.11,0.19,11030000
70.7596971342024,67.74225158355574,73.31328228878573,S. Feldman,Esia,2020,C,Supreme Jaguars,24,25.78,1.6,2.99,68.44,23.1,0.1,0.24,16140000
66.569169537613,63.165388750313625,72.88404997235342,W. Meiyr,Esia,2020,C,Supreme Jaguars,22,8.28,2.09,4.24,69.25,25.07,0.08,0.29,22980000
71.44135483657469,67.48950511022751,77.04792034183082,A. Lucas,Esia,2020,C,Ultimate Dolphins,32,0.94,1.06,2.04,66.67,0.07,0,0.05,10040000
76.51000048977335,73.92336349452373,80.70794784740266,B. Harahap,Esia,2020,C,Ultimate Dolphins,34,33.09,0.9,2.61,74.9,45.53,0.11,0.16,24420000
69.03405400350128,66.37493943887951,69.69992177097505,T. Obong,Esia,2020,C,Ultimate Longhorns,30,21.93,1.82,3.19,64.47,18.11,0.03,0.13,10340000
61.124498878828554,53.84072246533958,62.13729768257397,Y. Hahn,Esia,2020,C,Ultimate Longhorns,30,3.04,2.77,4.39,61.85,0,0.03,0,11750000
66.45235498912197,63.005422746520196,71.06731156035474,U. Ndagire,Mico,2020,C,Ultimate Longhorns,28,9.07,1.52,3.96,74.57,11.07,0.06,0.28,15280000
67.2278345248592,62.52017484665651,69.00975681275756,B. Shimada,Esia,2020,C,Weak Chargers,32,4.1,2.23,2.67,54.99,0,0,0,8530000
62.658764239222506,57.26322091665048,66.85585448770486,C. Nakajima,Esia,2020,C,Weak Chargers,21,1.64,2.35,4.16,63.52,0.08,0,0,14140000
70.71085612072245,65.2198409341103,71.91931184706488,P. Wan,Redohrainbri,2020,C,Weak Chargers,36,28.34,1.66,3.36,70.13,31.08,0,0.17,17840000
74.15780733960797,70.25707766361106,75.08948334923011,E. Tushemereirwe,New Uwi,2020,C,White Firebirds,30,31.96,1.13,2.54,72.65,31.23,0.02,0.04,13720000
73.55869357207564,74.64100494634066,87.80731117482891,A. Bagonza,Quewenia,2020,C,White Firebirds,26,2.07,1.43,1.06,39.95,0.03,0.1,0.09,9820000
70.92017634536639,67.66466822381352,75.15951565662976,L. Foo,Sobianitedrucy,2020,D,Coy Sunbirds,29,4,1.05,3.47,82.42,24.98,0,0.21,15710000
66.57780839432124,59.92350640950469,66.94437634039114,X. Dahan,Sobianitedrucy,2020,D,Coy Sunbirds,29,34,1.63,3.95,74.47,14.71,0,0.27,19540000
62.01802895167933,53.208550117237365,61.50140377436573,J. Ashknaziy,Lefghau,2020,D,Deranged Defenders,28,33.39,2.3,4.61,69.54,5.91,0,0.27,9120000
67.57371768795923,64.67088080927388,71.71552554863456,G. Nakandi,Sobianitedrucy,2020,D,Deranged Defenders,30,4.68,1.92,4.02,70.47,25,0.02,0.23,22340000
72.27341013510473,68.92642771657538,75.65268840530058,N. Busingye,Sobianitedrucy,2020,D,Fighting Clippers,23,21.68,1.53,2.09,63.16,14.3,0.1,0.24,16460000
74.37022410661957,72.36767835471565,78.08590726719467,R. Owere,Western Niasland,2020,D,Fighting Clippers,32,16.34,0.95,2.25,71.66,23.54,0.08,0.09,12960000
72.81930853329288,68.11078466682011,73.94568561792812,J. Vásquez,Nkasland Cronestan,2020,D,Fighting Wave,30,28.72,1.24,3.27,79.24,37.94,0,0.24,16820000
71.35852101755265,65.271662417733907,76.22719939352224,N. Tkachuk,Sobianitedrucy,2020,D,Fighting Wave,42,8.94,1.06,2.6,71.94,11.11,0,0.19,14440000
74.5231949159084,73.8237056459067,86.78246696363811,V. Razak,Lefghau,2020,D,Flying Bombadiers,37,1.01,0.91,1.09,50.06,0.08,0.06,0,8620000
67.06427098197794,58.7156716187924,65.75179286821339,U. Mvula,Nkasland Cronestan,2020,D,Flying Bombadiers,29,37.07,1.77,3.21,67.87,5.39,0,0.08,11150000
71.69227813975154,66.8284431140738,79.13807591714034,Z. Nyamahunge,Lefghau,2020,D,Hideous Spartans,38,5.03,2.19,1.17,40.03,0,0.01,0.36,6380000
67.21604863108367,64.54443403685566,71.56809459291405,Y. Nanyondo,Sobianitedrucy,2020,D,Hideous Spartans,26,16.06,1.38,4.16,76.71,18.75,0.07,0.11,18030000
68.87211468942348,64.72183162301651,71.71248725602531,M. Ngamita,Xikong,2020,D,Hideous Spartans,30,16.88,1.49,3.76,75.85,23.57,0,0.29,15070000
76.89735468266623,77.49328377668988,83.05793449658162,A. Kova?evi?,Sobianitedrucy,2020,D,Marvelous Heels,28,5.72,0.81,2.34,73.65,39.93,0,0,13300000
73.4149310316457,70.1514341203301,75.09077529251132,H. Okafor,Sobianitedrucy,2020,D,Marvelous Heels,25,32.05,1.24,2.36,68.02,24.11,0,0.13,13050000
63.50308335089794,55.74874192134486,69.45814940979365,G. Hasan,Sobianitedrucy,2020,D,Marvelous Patriots,19,2.06,2.08,4.05,72.8,0,0.06,0.49,12270000
70.35387769815318,68.02453853994507,80.31634898047645,K. Huang,Sobianitedrucy,2020,D,Marvelous Patriots,39,4.98,0.76,4.61,84.6,39.92,0,0,19980000
71.40259717536173,67.1874688949263,74.77395476931036,Y. Larsen,Imaar Vircoand,2020,D,Mean Wolves,26,37.99,1.33,3.61,76.98,36.86,0.14,0.27,18960000
70.46409986046271,65.71731091463737,71.7518990686677,C. Hamed,Sobianitedrucy,2020,D,Mighty Monkeys,23,35.93,1.71,3.08,66.8,24.98,0.04,0.1,11620000
62.800487022806934,52.19510816347196,65.56275663722089,S. Namuwonge,Sobianitedrucy,2020,D,Mighty Monkeys,25,2.03,2.58,3.95,69.3,0,0.02,0.53,9760000
59.21993989187545,51.62189412625107,67.95866393889688,J. Colón,Coastpa Barleslands,2020,D,Punctual Fire,22,1.99,1.97,5.59,78.51,0.05,0,0.47,23340000
62.62131202365226,54.97983902308779,66.20990916798361,H. Saeed,Manlisgamncent,2020,D,Punctual Fire,23,9.93,2.87,3.79,56.04,0,0.18,0.01,7140000
65.66622516762399,60.20126097336109,67.23061444838767,A. Lynch,Moaithe,2020,D,Punctual Fire,31,25.99,1.56,4.17,75.37,11.47,0.03,0.24,13720000
72.28944182005425,65.0432692378601,80.98468681213257,T. Sharifi,Rosvi,2020,D,Red Rangers,24,2.99,2.62,2.36,53.74,33.36,0,0.6,5480000
71.53332833785035,65.45500483800728,71.98025182458079,V. Ssali,Sobianitedrucy,2020,D,Red Rangers,29,35.09,1.3,3.03,75.61,25.65,0,0.28,20380000
74.84500980274255,74.53386934108536,87.21627455943414,H. Tuhaise,Lefghau,2020,D,Remarkable Flames,23,1.01,0.98,0.93,49.98,0.03,0,0,4180000
70.96530576634548,65.58692224878006,72.61869766267485,P. Solanki,Nganion,2020,D,Remarkable Flames,26,32.03,1.37,2.68,69.61,15.61,0,0.3,16940000
73.22396705307018,69.26389332777728,78.44429228746611,G. Boadi,Sobianitedrucy,2020,D,Remarkable Flames,37,5.03,1.09,3.41,81.9,40.01,0,0.26,21740000
65.16974285137013,58.51205211372254,67.35425391660615,K. Smit,Leoneku Guidisia,2020,D,Rowdy Clippers,27,28.9,2.02,4.31,70.81,17.27,0.01,0.35,19120000
60.50127108623661,53.13795802452357,62.159669374251536,C. Odongo,Sobianitedrucy,2020,D,Rowdy Clippers,25,5.85,2.68,4.66,64.4,0.09,0,0,10900000
74.2236243206496,74.46010429706796,80.2984510146777,J. Kova?i?,Sobianitedrucy,2020,D,Rowdy Clippers,32,3.02,1.2,2.24,63.58,24.92,0,0,17100000
72.93143021658553,67.90713819900304,74.0678194687469,W. Lotfi,Moaithe,2020,D,Serious Ranchers,25,37.93,1.14,2.82,75.83,28.97,0.07,0.11,21070000
66.18029483538054,59.40425038520506,69.4310016045501,E. bin Mohamed,Cabral Retrea,2020,D,Spicy Pointers,23,16.93,2.13,3.65,67.31,11.78,0,0.42,11370000
70.50316154611389,68.87810629344587,72.54302521053084,L. Namaganda,Sobianitedrucy,2020,D,Spicy Pointers,28,21.01,1.81,2.98,62.58,23.71,0.05,0.14,7540000
71.37943335042753,67.83654734146302,73.10324451905552,G. Caputo,Nkasland Cronestan,2020,D,Strange Pioneers,23,31.01,1.35,3.07,71.89,25.83,0,0.12,20550000
77.94626591897872,70.70664451834898,83.94688924456506,D. Sorrentino,Sobianitedrucy,2020,D,Strange Pioneers,30,6.98,0.63,2.25,89.54,42.9,0.02,0.48,14200000
75.87364395420117,71.12771815457144,78.0932886509516,J. Koval,Saintu,2020,D,Sugar Bengals,36,34.92,0.99,2.34,72.24,37.18,0.03,0.05,16180000
77.42334847259092,76.35760385963536,87.16001334002232,A. Berkowitz,Sobianitedrucy,2020,D,Sugar Bengals,35,2.98,1.42,1,50.04,24.96,0,0.26,13710000
64.96030071033307,49.22034261138166,70.83661335025694,M. Nyamahunge,Loco Phirema,2020,D,Wet Flames,32,0.93,2.96,2.96,59.98,0.05,0.01,0.91,11060000
65.96500137850154,60.33905587198571,71.7191067146275,L. Ocokoru,Sobianitedrucy,2020,D,Wet Flames,37,1.06,1.01,3.94,79.94,0,0.03,0,16460000
67.5319541086264,60.53589343161274,68.86613204389676,V. Guillaume,Sobianitedrucy,2020,D,Wet Flames,33,35.98,1.71,3.8,70.93,19.4,0,0.31,15240000
74.07753983419296,71.2361659649018,75.72587315070979,K. Kravchenko,Greri Landmoslands,2020,E,Deferred Dolphins,26,35.09,1.13,2.71,72.07,34.25,0,0.07,11280000
72.6399340338688,72.54560728003494,79.68993141651197,Q. König,Nganion,2020,E,Deferred Dolphins,25,3.01,1.01,3.33,76.91,33.26,0,0.1,13730000
74.59112415281786,69.92764947232531,76.40319816854715,C. Shevchenko,Nganion,2020,E,Delta Colts,31,34.97,1.08,2.43,72.7,31.49,0,0.26,13130000
71.11063297037074,71.05318538461921,79.5569048076436,G. Rossi,Nganion,2020,E,Delta Colts,26,2.61,1.09,3.8,76.94,33.28,0.07,0,21320000
76.39395823911106,72.79451182951799,77.85791027875494,W. Abeja,Esia,2020,E,Festive Governors,28,35.94,1.02,2.23,72.78,38.99,0,0.13,9960000
83.14049010538223,86.83714592641877,109.92093860108338,G. Kyobutungi,Lefghau,2020,E,Festive Governors,31,2.02,1,0.6,33.28,50.05,0.07,0.08,10970000
77.68871730823072,75.27079237569276,81.70142794187956,B. Brandt,Nganion,2020,E,Flying Penguins,27,38.04,0.91,1.88,68.59,39.46,0.03,0.22,22100000
73.06321270709486,68.2797404241881,74.72027947314606,I. Ajiko,Nganion,2020,E,Horrible Bison,25,25.05,1.35,2.42,71.26,23.98,0,0.26,28880000
72.33320460185645,69.5422115720738,75.13457158055238,K. Sagal,Nganion,2020,E,Horrible Bison,36,12.97,1.32,2.68,68.58,23.06,0,0.09,6650000
73.10625540032817,73.54100764632842,83.82617589403473,K. Nkhoma,Nganion,2020,E,Mad Bees,25,1.91,0.95,4.06,80.08,50.04,0,0,16400000
66.08106007557001,60.361379149840374,67.62202482002793,R. Martino,Nganion,2020,E,Mad Bees,29,36.04,1.35,4.26,76.08,13.84,0,0.01,23940000
73.1052587173063,67.35531591686491,79.37819141176884,N. Kyohirwe,Dosqaly,2020,E,Mad Kingsmen,27,4,1.23,2.6,76.89,24.95,0,0.49,27040000
79.31513396775719,76.84150150571152,82.53717247160502,Y. Ruggiero,Southern Ristan,2020,E,Mad Kingsmen,28,34.09,0.66,2.18,78.91,52.83,0.05,0.1,14740000
68.56043567554975,60.12359771832605,68.31697736512321,C. Edema,Nganion,2020,E,Mighty Jimmies,35,36.09,1.61,3.24,71.22,13.91,0,0.28,13630000
66.87289969041376,63.402773222946244,71.07436066716768,E. Asienzo,Nganion,2020,E,Mighty Jimmies,24,1.1,2.04,2.93,60.07,0.01,0.08,0.09,7820000
64.79766589980717,30.101704898325345,80.35635486793666,T. Namuddu,Nganion,2020,E,Mighty Jimmies,33,1,2.92,3.04,79.95,0,0,2.06,30530000
71.15363509571965,68.91829430730598,81.0564893450624,L. Sakurai,Nganion,2020,E,Orange Giants,32,2.98,1.63,3,64.21,25,0.31,0,9560000
74.52893114637887,72.12419010979873,77.62988377489451,M. Murmu,Rosvi,2020,E,Orange Giants,28,35.06,1.51,2.01,58.44,28.54,0.06,0.12,9020000
72.13107726924814,68.77037124658399,73.75402868660775,G. Leung,Nganion,2020,E,Plane Janes,31,34.01,1.22,3.22,74.66,32.33,0.07,0.16,22330000
69.6739969037136,59.19231741151881,77.00566994884713,J. Martin,Nganion,2020,E,Plane Janes,34,3.97,2.07,3.2,70.53,24.94,0,0.74,16470000
77.78722234164424,75.05471809271455,80.65830976935229,S. Nuwagira,Saintu,2020,E,Polar Kangaroos,27,37.77,0.68,2.27,77.07,44.75,0,0.16,12510000
81.14150718799823,81.06952812753994,89.20650885212115,F. Nasasira,Nganion,2020,E,Punctual Leopards,34,1.93,0.56,1.58,75.06,50.01,0.09,0.06,17810000
75.5968668455741,76.57082981446514,84.9987535886929,L. Antwi,Nganion,2020,E,Punctual Leopards,23,3.01,1.59,1.93,54.5,33.34,0.04,0,6130000
73.64685697623922,70.24592928601234,74.93963290658945,Z. Fabre,Nganion,2020,E,Punctual Leopards,25,32.96,1.3,2.55,69.8,30.32,0,0.13,22520000
81.06602915114237,79.97808644604991,91.5344353373349,N. Mucunguzi,Biarizea,2020,E,Running Bigfoots,29,5.58,0.53,3.13,89.44,80.09,0,0.26,16050000
77.7735028962294,75.47798273997861,80.67625090924273,U. Nishimura,Galamily,2020,E,Running Bigfoots,31,32.44,0.93,2,69.89,42.35,0,0.07,11550000
73.82830694132929,72.36886798824465,77.05748441642167,G. Alali,Nganion,2020,E,Sassy Knights,27,18.32,1.57,2.78,67,38.88,0,0.14,15300000
67.51085159209913,60.16765765855859,73.46380370407373,I. Kisitu,Nganion,2020,E,Sassy Knights,24,1.91,1.48,3.09,74.94,0,0.03,0.49,21240000
76.10123513611946,73.59436201636099,80.09561648031585,M. Sseguya,Nganion,2020,E,Sassy Knights,36,17.65,1.4,1.56,58.79,27.73,0.05,0.08,10830000
80.72976451491495,81.62783668108227,96.15529460858627,C. Ismail,Nganion,2020,E,Screaming Ramblers,24,2.93,1.01,0.57,49.98,33.3,0.01,0.34,7530000
67.19143951995866,61.17994745766125,70.24566055568698,F. Dauda,Nganion,2020,E,Screaming Ramblers,34,8.74,2.21,3.94,68.66,24.98,0.01,0.34,19150000
72.65542854417806,68.20713595074236,75.53025761716759,M. Ategeka,Nganion,2020,E,Screaming Ramblers,28,26.19,1.47,2.38,68.59,22.11,0.14,0.39,10980000
76.06572366829894,71.52099137857468,78.08522702486184,C. Musana,Nganion,2020,E,Serious Magicians,23,33.26,0.9,2.25,76.72,35.38,0,0.11,13050000
69.9889860438053,68.11432531891509,74.71520653511888,R. Hall,Nganion,2020,E,Serious Magicians,32,4.76,1.87,1.97,49.97,0,0.02,0.05,4230000
69.8695452391008,65.84728071919311,71.70459944289884,O. Nabunya,Byasier Pujan,2020,E,Swift Bison,31,23.3,1.22,3.44,76.55,20.72,0,0.22,14000000
67.83766409410987,65.75316714934486,71.6013495538544,G. Taruvinga,Nganion,2020,E,Swift Bison,30,14.64,1.53,3.98,72.57,21.33,0.04,0.14,17120000
88.08972404910611,83.51199759378544,97.68776913313006,K. Darawshi,Nganion,2020,E,Swift Marauders,31,2.09,0.1,2.04,99.91,100.05,0.05,0.09,15610000
69.41188233035517,60.218260336052495,70.1036900909313,V. Vincent,Nganion,2020,E,Swift Marauders,39,35.81,1.68,2.76,65.9,11.08,0.12,0.07,18540000
71.53241417194828,65.24695560717646,71.93265327598056,"K. Jao,",Nganion,2020,E,Ultimate Penguins,30,32.19,1.46,2.4,68.58,15.12,0.05,0.28,8160000
71.85556444223401,70.60304529551591,78.17081243142484,O. Hamdan,Nganion,2020,E,Ultimate Penguins,22,5.83,1.96,2.28,53.72,20.09,0.03,0,8040000
65.9759362465207,52.703102419107864,90.62361338041646,J. Turyasingura,Rarita,2020,RFL,Black Coyotes,38,1.06,1.07,3.9,80.09,0.09,0.99,0.05,5730000
73.89045772004901,70.07686888453429,77.07289138585037,A. Khainza,Sobianitedrucy,2020,RFL,Black Coyotes,21,35.57,1.2,2.68,71.61,33.36,0.05,0.04,5850000
66.8373068235137,55.98599625661417,72.0392009166171,H. Peh,Unicorporated Tiagascar,2020,RFL,Black Coyotes,33,1.39,2.15,2.87,66.69,0.08,0.04,0.69,3320000
73.5813840732507,69.23844114011263,74.78161783297259,F. Ithungu,Rarita,2020,RFL,Educated Avengers,28,37.9,1.39,2.96,71.08,39.53,0,0.03,5780000
69.13061685286728,66.73699040080817,73.47139348035799,F. Musa,Rarita,2020,RFL,Golden Cadets,23,17,1.81,2.86,61.71,11.78,0.14,0.18,3260000
66.3955663317072,63.40208472181964,68.81467579093528,M. Bahri,Rarita,2020,RFL,Golden Cadets,25,17,2.04,3.64,63.11,11.83,0.03,0.13,4030000
71.4303927342844,66.33073761624976,76.2147802809555,C. Lovri?,Rarita,2020,RFL,Great Pandas,23,11.03,1.69,2.04,61.79,9.11,0,0.38,1920000
73.83626330061203,70.72246041424148,76.72913439677552,K. Hoe,Rarita,2020,RFL,Great Pandas,36,27.03,1.17,2.56,67.73,29.69,0,0.04,4970000
65.75185384302475,58.52163625458978,66.86234583809677,B. Ntege,Rarita,2020,RFL,Mad Cardinals,26,6.08,2.88,2.73,50,0.08,0,0.11,2470000
67.69694042886181,62.135582661018034,69.15605232674751,V. Longoli,Rarita,2020,RFL,Mad Cardinals,26,28.01,2.12,3.41,63.3,17.83,0.11,0.03,1890000
78.50092998303082,75.776850917198,81.46102958484585,T. Kamugisha,Lefghau,2020,RFL,Marvelous Coyotes,27,34.19,0.83,1.98,72.81,45.64,0,0.01,6050000
74.51730336633486,73.63918981252405,81.71680037189358,Y. Draru,Rarita,2020,RFL,Marvelous Coyotes,37,3.99,1.81,2.14,53.3,33.22,0.05,0,5530000
71.0726758024459,63.903177335060526,72.56269838218097,I. Lukwago,People's Land of Maneau,2020,RFL,Walking Runners,37,38.01,1.59,2.88,66.25,23.64,0,0.26,4160000
75.71107125805122,72.4530842872483,79.43255696034721,E. Miyazaki,Greri Landmoslands,2020,RFL,Wild Hornets,32,38.09,1.1,2.16,67.4,34.18,0.15,0.12,4860000
72.7455744376974,67.27566322662321,75.19690691849368,S. Kiconco,Nkasland Cronestan,2021,A,Fanatical Outlaws,36,35.08,1.34,2.74,69.41,28.65,0.14,0.06,17580000
76.32033396213998,75.94877803969737,82.20496183429222,R. Chee,Southslands,2021,A,Fanatical Outlaws,34,3.05,1.1,2.01,66.67,33.22,0,0.1,5250000
74.54685657317064,71.73799190886696,81.94492437621842,Z. Marini,Central Republic of Boekrainego,2021,A,Fighting Cougars,29,11.02,1.78,1.37,49.99,18.15,0,0.37,22740000
76.25652012163381,75.24881668011797,80.62776651601179,P. Robinson,Nganion,2021,A,Fighting Cougars,24,26.92,0.94,2.26,71.38,37.03,0.07,0.08,22460000
66.85138127950788,61.31416693341572,68.52501714137995,A. Soong,People's Land of Maneau,2021,A,Great Galactic Gorgons,23,37.96,1.58,3.8,70.77,13.15,0,0.16,25510000
75.19032823695188,73.72034789704185,77.78468974233249,G. Mwebaze,Nganion,2021,A,Green Fleet,31,25.49,1.24,2.3,67.13,34.56,0.06,0.07,18080000
73.09677414589112,72.28286101952868,78.88877191804427,P. Kabugo,People's Land of Maneau,2021,A,Green Fleet,24,12.53,1.03,3.13,75.99,33.23,0.07,0.01,19620000
80.33311932858798,79.48936176790488,86.24895519975877,E. Wibowo,Coastpa Barleslands,2021,A,Horrible Grizzlies,29,30.53,0.77,1.71,70.55,51.67,0.13,0.12,15120000
73.27757677125892,71.02473947474371,92.90285038101851,R. Wanyama,Imaar Vircoand,2021,A,Horrible Grizzlies,40,1.05,3,0.09,0.03,0,0.05,0.09,11490000
75.06837769406208,75.53560774210484,82.06397888227986,J. Nkrumah,Nganion,2021,A,Horrible Grizzlies,27,6.47,1.17,2.38,68.29,33.23,0.08,0.23,9830000
72.42899371190947,69.01759620543176,75.07858018397447,S. Tamale,Imaar Vircoand,2021,A,Horrible Storm,29,38.05,1.14,3.52,76.79,39.47,0.03,0.16,26390000
75.15529762915261,69.9389685529478,80.45590927779624,Z. Marini,Central Republic of Boekrainego,2021,A,Mighty Jays,29,3.03,0.68,2.7,88.86,33.35,0.06,0.32,24650000
74.54887663716934,72.07485842157845,77.95608932014068,V. Kumwenda,Esia,2021,A,Mighty Jays,29,34.71,1.07,2.45,69.21,31.45,0.11,0.05,36670000
74.72436222831267,70.6799702296305,76.84579174173317,U. Nakazibwe,Lefghau,2021,A,Old Mustangs,29,33.08,0.99,2.39,74.78,30.27,0.12,0.13,29470000
68.40030809607552,61.29585300534043,72.25537824345142,F. Walker,Nganion,2021,A,Old Mustangs,34,3.04,3.03,3.41,52.59,33.38,0,0,10160000
76.84986988327735,76.82007427232561,85.4701924589403,P. Tetteh,Southslands,2021,A,Old Mustangs,23,2.03,0.53,3.07,85.69,50.1,0.04,0,22300000
61.77197882693659,56.68842633027549,79.13906747176554,H. Ochan,Greri Landmoslands,2021,A,Punctual Rustlers,22,0.56,0,6.06,100.03,0,0.09,0.01,27720000
72.76163510868983,70.53454707726065,74.75639113236512,X. Neri,People's Land of Maneau,2021,A,Punctual Rustlers,27,30.58,1.24,3,71.03,32.3,0,0.02,13340000
73.41452320943795,72.1468705499366,76.77680076478647,M. Ngamita,Xikong,2021,A,Punctual Rustlers,31,6.93,1.34,2.59,70.33,28.51,0.04,0.17,13320000
70.92333251299044,65.44821453211127,71.488357280903,Q. Musimenta,Nganion,2021,A,Silver Heels,34,37.03,1.63,2.8,63.65,21.52,0,0.09,11470000
67.00249639357587,64.01044633247267,70.21275926505365,C. Leroy,People's Land of Maneau,2021,A,Silver Heels,28,1.09,1.95,2.95,59.97,0.07,0,0.08,3970000
73.88638353984511,67.84060265903766,74.92394654739674,S. Zandamela,Mico,2021,A,Solemn Cougars,35,38.1,1.42,2.3,65.68,28.91,0,0.16,17000000
70.33942348344173,69.1244274668288,73.56469089575803,M. Janssens,Ledian,2021,A,Somber Bombers,32,13.03,1.44,3.28,69.55,23.08,0.06,0.07,21840000
68.838387152844,65.47762987753153,70.19570473677295,P. Johansson,People's Land of Maneau,2021,A,Somber Bombers,31,24.9,1.67,3.24,66.72,15.93,0.1,0.09,23110000
70.25903336449478,66.16973151513969,71.05934838491498,F. Ribeiro,People's Land of Maneau,2021,A,Swift Musketeers,32,29.91,1.85,2.99,63.89,23.33,0.08,0.2,25830000
73.4533370166119,71.72582711503652,79.27617872880411,S. Aslan,People's Land of Maneau,2021,A,Swift Musketeers,33,8,1.33,2.4,67.89,24.93,0.14,0.33,21840000
70.92457916007288,67.0453107542003,72.12352214782945,N. Kyohirwe,Dosqaly,2021,A,Weak Tornadoes,28,36.02,1.26,3.23,73.15,25.01,0.01,0.18,23590000
68.25841623202034,60.92733740309965,73.84454132934997,E. binti Ismail,Ledian,2021,A,Weak Tornadoes,25,2.03,2.56,2.1,50.09,0,0,0.52,10840000
77.68849134441638,78.09178691418035,86.20196601343639,Y. Kyosiimire,Nganion,2021,B,Flawless Cows,28,8.9,1.04,3.04,75.08,62.49,0,0.04,14410000
71.30433172800961,67.6966884618698,78.8125674199994,X. Driscoll,Nkasland Cronestan,2021,B,Flawless Cows,22,0.96,1.05,2.09,66.61,0,0,0,22110000
78.01394870895672,74.9618573587305,81.75692343012079,P. Addae,South Sati Fatina,2021,B,Flawless Cows,35,27.99,0.64,2.6,80.92,51.71,0,0.13,13170000
69.16745622641686,62.90414886400796,70.49223814767191,F. Kimera,Dosqaly,2021,B,Glistening Paladins,24,34.9,1.81,3.06,66.05,17.08,0,0.32,20670000
75.17095200927317,73.3396436877657,82.5500548757385,T. Okello,Dosqaly,2021,B,Glistening Paladins,23,3.02,1.32,2.26,70,33.36,0.06,0.36,22390000
74.11468144669696,68.05001487478913,75.38110865629434,V. Bwambale,Dosqaly,2021,B,Golden Rustlers,34,37.97,1.58,2.51,66.24,36.78,0.01,0.2,18830000
72.4900668275948,71.92696301707518,79.11860408960048,U. Yamasaki,Coastpa Barleslands,2021,B,Grotesque Rocks,25,7.92,1.72,2.47,58.13,25.05,0,0.2,19570000
74.02222525144212,69.5501380819437,77.22012171721157,S. binti Othman,Lylimi,2021,B,Grotesque Rocks,38,24.04,1.3,2.6,69.15,33.32,0,0.2,14740000
68.42530245279337,64.20946570676605,70.82978513284127,T. Bukar,Southern Ristan,2021,B,Grotesque Rocks,29,5.92,2.15,2.31,56,0,0.08,0.26,11540000
68.1780382543351,53.922448578304646,74.74152612077668,A. Lamunu,Dosqaly,2021,B,Jumping Beans,22,1.48,0.68,3.41,100.07,0.05,0.03,0.59,25300000
71.54986446391342,66.50393203218879,73.43055303903553,K. Adero,Rosvi,2021,B,Jumping Beans,26,36.58,1.41,3.01,71.27,26.94,0.11,0.03,12060000
72.32098130743921,63.71617016772568,73.72386864081405,J. Ogawa,Dosqaly,2021,B,Mean Colts,36,36.86,1.49,2.42,67.98,21.55,0,0.37,8370000
66.75362776632296,51.76442365271787,70.78516631707194,A. Chipeta,Zamlie Niabangthe,2021,B,Mean Colts,23,1.22,2.62,2.58,66.64,0.09,0.04,0.74,22410000
71.78831253881661,65.34811370623234,75.97617632092769,A. Suboti?,Dosqaly,2021,B,Mean Poets,32,15.01,1.68,2.12,62.73,13.23,0,0.46,12380000
68.54936679772638,65.13974426748436,69.13242256450258,T. Bonabana,Dosqaly,2021,B,Mean Poets,27,23.07,1.86,3.07,63.02,13.05,0,0.12,9890000
77.68385524705536,80.87972637262322,121.4896114938029,E. Wibowo,Coastpa Barleslands,2021,B,Overconfident Kangaroos,29,1,0.92,0,0.05,0,0.06,0.01,16090000
73.7931268285139,71.36743282450848,76.42904890336595,V. Arnold,Coastpa Barleslands,2021,B,Overconfident Kangaroos,28,21.9,1.13,2.27,69.94,22.79,0.08,0.09,15590000
74.37976750857705,71.75117413303026,78.24750909443797,B. Ochieng,Dosqaly,2021,B,Overconfident Kangaroos,37,14.92,0.97,2.73,74,33.32,0,0,24940000
74.67094737726595,72.04493614093022,78.06755168149675,H. Kamal,Dosqaly,2021,B,Serious Thunderbirds,35,29.06,1.38,2.19,62.01,30.96,0.06,0.12,31230000
71.75786767753736,66.16331373472732,85.41362046456567,I. Sano,Dosqaly,2021,B,Serious Thunderbirds,20,1.03,3.9,0,0,0.06,0.01,0,5240000
76.44109095835985,74.53797797555478,82.35092980102877,J. Lunkuse,People's Land of Maneau,2021,B,Serious Thunderbirds,21,8.03,1.04,2.21,75.08,37.5,0.06,0.15,27040000
64.90127595742364,52.835109360087955,69.59879239734992,J. Chukwu,Dosqaly,2021,B,Simple Jayhawks,27,3.97,2.59,3.22,65.02,0,0.06,0.75,8810000
72.88644867504223,65.8848679351697,73.11749368814603,R. Rizzi,Pierrema,2021,B,Simple Jayhawks,33,34,1.2,2.53,74.37,23.48,0.01,0.23,20690000
65.01740357565672,56.174846684263684,70.54094841732702,V. Arnold,Coastpa Barleslands,2021,B,Simple Privateers,28,4.94,1.97,3.6,70.77,0.02,0.02,0.61,11630000
69.88565203185703,67.19372449102772,73.29896169579163,Z. Lefevre,Quewenia,2021,B,Simple Privateers,23,20.95,1.48,2.94,67.65,14.27,0.06,0.2,21100000
69.60455719756332,67.1790803829909,74.31096749041329,Y. Goh,Tito Mia,2021,B,Simple Privateers,28,12.05,2.41,2.97,54.62,24.98,0.17,0.15,18900000
72.8344269740716,66.23620962622037,73.76567160144118,A. Mbusa,Dosqaly,2021,B,Solemn Leopards,36,37.06,1.31,2.37,66.75,21.62,0.01,0.03,22320000
69.39964510628947,58.85764176600054,71.34863138770572,N. Tumwesigye,Dosqaly,2021,B,Solemn Leopards,39,0.95,2.08,2.04,59.98,0,0,0,16350000
79.55851845236282,75.99400810097578,82.70057500020474,I. Kumari,Dosqaly,2021,B,Somber Stallions,26,38,0.64,2.22,79.44,55.24,0,0,14620000
69.35628004366095,62.948396736986744,71.24248450540868,O. Burgos,Dosqaly,2021,B,Supreme Janes,22,38.07,1.46,3.03,71.4,13.23,0.13,0.17,20640000
80.30170229284005,79.29042739826225,86.42008732218709,Q. Permana,Dosqaly,2021,B,Swift Rustlers,30,27.91,1.03,1.29,61.27,46.47,0.02,0.15,8550000
74.7176125429059,74.96507730997904,88.58693806654107,G. ?ahin,Nkasland Cronestan,2021,B,Swift Rustlers,22,1.04,0.91,1.02,50.02,0.01,0.04,0,8530000
73.86484197399463,72.78485785088456,77.90657620512185,R. Odur,Sobianitedrucy,2021,B,Swift Rustlers,33,9.09,1.52,1.99,59.96,22.21,0.04,0.16,14990000
73.9322791939222,69.56846968643508,74.88575024124326,F. Carbone,Greri Landmoslands,2021,B,Unaccountable Foxes,31,38.07,1.1,2.5,70.81,28.87,0,0.06,14750000
72.63126269182479,71.62588331416003,79.32678611603828,L. Dahl,Dosqaly,2021,B,Unethical Comets,23,8.34,1.37,3.56,75.01,42.95,0,0.15,12440000
65.92972138868193,58.17754894886741,65.80109146172458,Y. binti Omar,Quewenia,2021,B,Unethical Comets,27,29.6,1.77,3.68,72.79,6.58,0,0.3,29220000
73.01646687525127,68.123566659542007,74.33728920365658,J. Mercier,Dosqaly,2021,B,Villainous Eagles,24,38.01,1.6,2.21,61.91,23.65,0,0.13,18790000
70.70666906930212,65.80096542626997,71.1764099847775,C. V?tols,Imaar Vircoand,2021,B,Weak Blimps,28,38.08,1.4,3.14,72.42,23.76,0.08,0.13,13780000
68.52791788824462,62.136397392637846,68.34142445254683,G. Razak,Dosqaly,2021,B,Wet Monarchs,31,37.94,1.93,3.39,66.07,21.1,0.08,0.1,19280000
69.77006655738319,64.53291725180539,71.17737661895733,G. Prasetyo,Galamily,2021,C,Awkward Trailblazers,29,34.05,1.71,2.95,64.79,17.58,0.12,0.03,20940000
67.70461798102701,61.979736411314356,72.51094255031026,A. Mor,Esia,2021,C,Blue Jaguars,36,3.04,1.01,3.34,76.97,0,0.01,0,22000000
70.91150686838755,66.26736758951196,72.12834712858236,H. Nakimera,Esia,2021,C,Blue Jaguars,31,31.07,1.66,2.7,64.2,19.5,0.02,0.27,11000000
70.0716922371964,65.87849296732995,70.51427884708048,L. Nalukenge,Esia,2021,C,Fiery Governors,27,30.92,1.41,2.99,69.67,16.18,0,0.09,11470000
62.304207907786775,52.71999322214291,63.86718823674931,Q. Ghoe,Esia,2021,C,Fiery Governors,23,3.04,3.31,3.62,54.96,0,0.09,0.32,8760000
65.4908444324656,62.218821092204884,69.00147610131866,I. Agwang,Esia,2021,C,Horrible Flames,28,1.56,2.04,3.4,62.42,0,0.09,0.07,10490000
69.9639536893447,68.03609650308982,75.29920203041485,R. Aguilar,Esia,2021,C,Horrible Flames,22,3.94,1.84,3.26,64.95,24.99,0,0,12440000
75.89698998600461,73.46076106547254,79.44221355377239,M. Krli?evi?,Leoneku Guidisia,2021,C,Horrible Flames,32,28.41,1,1.86,65.93,27.55,0.07,0.02,11420000
72.07674862883059,71.3583944422482,76.73132056505528,E. Namakoye,Esia,2021,C,Little Lollipops,33,3.77,1.51,3.18,68.36,33.26,0,0.02,26150000
70.88671364252244,66.31582426327746,71.66008292665622,R. Yiga,Quewenia,2021,C,Little Lollipops,33,30.16,1.7,2.68,64.46,19.42,0.09,0.23,26120000
63.524634856250444,52.52276446716625,69.09277137656483,L. Namuyanja,Byasier Pujan,2021,C,Marvelous Anchors,28,2.93,2.08,4.04,74.97,0,0,0.68,19250000
68.77003498737325,64.76284672356302,70.69550719088666,E. Kyomukama,Esia,2021,C,Marvelous Anchors,24,31.08,1.53,3.51,71.19,19.31,0.07,0.09,20930000
68.81304836930113,63.200238081110584,69.64598485347186,E. Mapuranga,Nkasland Cronestan,2021,C,Mean Trolls,34,33.91,1.52,3.56,71.4,20.63,0,0.19,16180000
70.82455913725178,65.05978050159095,71.00317237846278,B. Fernandez,Esia,2021,C,Punctual Archers,34,30.75,1.39,2.74,69.04,16.04,0,0.1,14830000
84.17128970729821,84.55665837301856,92.93118874819814,W. Mandizvidza,Esia,2021,C,Punctual Archers,28,3.23,0.33,1.54,80.02,66.73,0,0,13960000
70.99690597445739,67.11550191211357,72.9064491190115,K. Tsui,Esia,2021,C,Red Artichokes,29,34.08,1.49,3.43,71.7,32.46,0.02,0.22,30170000
69.3180246882115,66.1554473706511,70.84720409766982,F. Nabunya,Quewenia,2021,C,Serious Cyclones,31,18.44,1.64,3.43,70.7,22.16,0.03,0.22,12180000
78.67505441935201,78.46380497765021,84.73466022787922,M. Zhou,Quewenia,2021,C,Serious Cyclones,34,15.51,1,1.77,66.67,43.82,0.09,0.12,24400000
62.37710134737264,55.91804063189279,64.37579397378056,S. Achen,Giumle Lizeibon,2021,C,Silver Frogs,34,1.92,2.06,4.45,71.4,0.03,0.03,0,21350000
77.12515151031823,73.97250321283424,79.36645598479514,L. Msowoya,Southern Ristan,2021,C,Silver Frogs,29,31.94,1.11,2.17,70.34,43.73,0,0.01,9890000
69.67359154217502,64.40735636510581,70.38947868887519,I. Bitton,Esia,2021,C,Spicy Gophers,28,33.43,1.67,2.87,65.3,14.76,0,0.26,11890000
66.1069179168542,36.09516781555973,77.26609356388403,P. Galli,Esia,2021,C,Spicy Gophers,32,0.65,1.72,3.41,100.09,0,0,1.62,16910000
63.40865402192159,56.93688165877049,64.35081998851841,Q. Nakyeyune,Esia,2021,C,Supreme Jaguars,33,20.89,2.43,4.47,66.12,13.56,0.06,0.24,12260000
56.130477130980616,37.63338318219833,55.77475205442684,J. Ojok,Giumle Lizeibon,2021,C,Supreme Jaguars,36,2.63,4.52,4.91,49.98,0.07,0.06,0,6670000
63.09784955557215,55.66020300972751,66.7602453380855,U. Ndagire,Mico,2021,C,Supreme Jaguars,29,10.56,2.37,4.47,68.74,10.02,0.01,0.45,14710000
73.12971973416155,69.19696168095572,75.54086661701837,B. Harahap,Esia,2021,C,Ultimate Dolphins,35,33.04,1.24,2.61,67.41,27.2,0.06,0.02,24780000
69.83200695060982,67.20263578483991,75.12586798970764,S. Feldman,Esia,2021,C,Ultimate Dolphins,25,0.94,2.01,1.94,49.92,0,0,0,14240000
62.6542196248893,58.07685870994821,73.0949590397416,I. Nassiwa,Esia,2021,C,Ultimate Longhorns,19,1.08,1.04,5.05,83.22,0,0,0,17890000
69.12112355308446,64.26585491356336,69.44030734051803,T. Obong,Esia,2021,C,Ultimate Longhorns,31,32.9,1.58,2.99,66.44,12.15,0.03,0.19,11230000
72.89637878345496,69.45631730190729,74.58402129724445,E. Kaddu,Esia,2021,C,Weak Chargers,29,26.04,1.53,2.69,67.92,30.7,0,0.24,16980000
70.63110257044075,67.54160359751052,74.41502252590416,P. Wan,Redohrainbri,2021,C,Weak Chargers,37,7.99,1.67,2.51,61.27,12.57,0.05,0.21,19610000
80.01332923715634,78.93568838980369,86.25307080126663,E. Tushemereirwe,New Uwi,2021,C,White Firebirds,31,32.91,0.81,1.47,64.82,45.42,0.05,0.17,14770000
69.94462658873785,67.23261667938476,75.86819400239625,G. Aloyo,Nganion,2021,C,White Firebirds,23,1,1.99,1.92,49.98,0.1,0,0,18190000
53.745187817821396,47.45420369180279,73.75475808028915,B. Koskinen,Esia,2021,C,Wicked Gentlefolk,26,0.91,1.09,8.06,88.98,0.03,0,0,16470000
69.12868315766686,63.848617824338916,69.59253934841131,F. Yaakv,Quewenia,2021,C,Wicked Gentlefolk,24,32.95,1.66,3.09,68.35,15.27,0.02,0.19,24620000
91.05192579714429,83.4898219013096,102.23564408067978,B. K?l?ç,Sobianitedrucy,2021,D,Coy Catamarans,20,1.05,0.04,1.07,100.01,100,0.07,0.04,18600000
57.358200320942295,52.242228212142074,73.73099063598652,F. Jansen,Sobianitedrucy,2021,D,Coy Catamarans,29,0.92,0.95,6.92,87.55,0,0.05,0,20480000
65.65559269083772,54.933890465987616,64.29255026628313,K. Kanyesigye,Sobianitedrucy,2021,D,Coy Catamarans,38,35.97,2.45,3.24,57.56,5.55,0,0.11,7020000
68.15601882962599,60.63343712998588,72.80632024752296,L. Foo,Sobianitedrucy,2021,D,Coy Sunbirds,30,2.03,3.41,1.56,33.26,0.06,0.09,0.45,16230000
68.6914969172446,62.783970610847035,69.11176118058751,X. Dahan,Sobianitedrucy,2021,D,Coy Sunbirds,30,36.07,2.07,2.88,58.16,13.86,0.08,0.05,20490000
73.81253756346946,71.80412442720663,76.6117179363307,N. Busingye,Sobianitedrucy,2021,D,Fighting Clippers,24,22.01,1.37,2.33,65.81,27.36,0,0.05,17410000
80.01433787371639,77.44628936385425,85.39956329200874,R. Owere,Western Niasland,2021,D,Fighting Clippers,33,15.92,0.74,1.8,76.81,50.01,0.04,0.28,14160000
72.76284740576158,68.38616262483585,74.32482343273826,J. Vásquez,Nkasland Cronestan,2021,D,Fighting Wave,31,29.76,1.07,2.33,70.48,16.66,0.02,0.17,17430000
78.5513180213275,71.01379119300158,84.66131693900941,N. Tkachuk,Sobianitedrucy,2021,D,Fighting Wave,43,7.93,0.65,1.76,82.34,37.6,0.15,0.26,15100000
70.76282501715383,66.06143307102258,73.4428765740087,V. Razak,Lefghau,2021,D,Flying Bombadiers,38,5.9,1.5,2.8,69.23,16.8,0,0.12,9030000
67.48403832445516,62.16728887199465,67.37458959455321,U. Mvula,Nkasland Cronestan,2021,D,Flying Bombadiers,30,28.07,1.71,3.58,71.21,14.23,0.03,0.22,11410000
67.91616174360858,64.25649546453195,72.24066134639159,D. Chiba,Sobianitedrucy,2021,D,Flying Bombadiers,22,4.06,2.4,2.32,50.08,0.01,0.06,0.17,17950000
69.1592301527899,67.97209383415772,74.4431380218523,Q. Martínez,Sobianitedrucy,2021,D,Hideous Spartans,25,4.09,1.55,3.73,71.49,24.96,0,0.06,15780000
67.96535906012498,62.38547816725716,67.76950789305616,Y. Nanyondo,Sobianitedrucy,2021,D,Hideous Spartans,27,33.92,1.63,3.62,72.9,17.56,0.05,0.14,19030000
72.93672631521027,71.55640192294956,76.35670169614778,A. Kova?evi?,Sobianitedrucy,2021,D,Marvelous Heels,29,14.07,1.53,1.94,58.26,15.36,0.01,0.13,13590000
77.44253689219961,76.93969145873554,82.1567733065455,H. Okafor,Sobianitedrucy,2021,D,Marvelous Heels,26,24.02,1.14,1.68,63.87,36.08,0.08,0.13,14150000
91.34807434617665,80.8549234415989,100.62257668518659,K. Huang,Sobianitedrucy,2021,D,Marvelous Patriots,40,0.92,0,1,100.08,100.07,0,0.05,19990000
71.39321289946727,63.77650308751058,72.59489298081368,Y. Larsen,Imaar Vircoand,2021,D,Mean Wolves,27,35.08,1.48,2.82,72.99,22.96,0,0.4,19520000
71.15746212026352,69.41559663285246,79.68768886632937,G. Oluka,Lefghau,2021,D,Mean Wolves,33,1.94,2.59,1.09,28.64,0,0.1,0,4510000
69.81047776644886,54.21515695882419,80.1022532267645,K. Järvinen,Sobianitedrucy,2021,D,Mean Wolves,25,0.99,2.05,1.92,66.78,0,0.03,1.09,18040000
91.0947292970951,82.31269497864085,100.96311142679536,H. Saeed,Manlisgamncent,2021,D,Mighty Monkeys,24,0.95,0.08,1.03,100.07,100.03,0,0.03,25690000
69.30655471235032,64.13153978620386,70.81217679411915,C. Hamed,Sobianitedrucy,2021,D,Mighty Monkeys,24,36.96,1.44,3.21,71.5,16.13,0.1,0.15,11870000
70.76536769714933,67.5275766074406,77.17999276079935,D. Kateregga,Manlisgamncent,2021,D,Red Rangers,21,3.74,1.72,1.81,53.74,0,0,0,14260000
72.23108554187137,66.16608372981631,72.3364453657166,V. Ssali,Sobianitedrucy,2021,D,Red Rangers,30,34.05,1.32,2.53,71.26,20.66,0,0.22,21210000
71.52421389554938,70.7318687231194,78.23151229550511,H. Tuhaise,Lefghau,2021,D,Remarkable Flames,24,5.02,1.47,3.73,73.16,39.97,0,0,4290000
70.69408017336326,68.92801328853679,72.6680432037906,P. Solanki,Nganion,2021,D,Remarkable Flames,27,20.26,1.45,2.97,67.99,19.9,0.01,0.13,17940000
73.92612509738441,71.30605478220353,78.32900822460387,G. Boadi,Sobianitedrucy,2021,D,Remarkable Flames,38,12.74,1.4,2.86,68.59,38.5,0,0.08,22780000
73.26110282948093,71.96558925363473,77.23725636778795,W. Lotfi,Moaithe,2021,D,Serious Ranchers,26,8.94,1.64,2.67,67.62,33.23,0.09,0.2,21450000
73.58197195808124,67.99937183001873,76.76811123114777,J. Turyasingura,Nganion,2021,D,Serious Ranchers,39,28.94,1.37,2.57,69.12,30.98,0.09,0.29,11660000
73.7341066215659,73.20915798710534,80.40998109426839,A. White,Sobianitedrucy,2021,D,Spicy Pointers,29,2.31,1.38,3.55,75.07,50,0.02,0,17970000
69.60414049836088,64.90342793979481,69.60497116490846,L. Namaganda,Sobianitedrucy,2021,D,Spicy Pointers,29,32.03,1.46,3.56,75.49,25.07,0.04,0.15,7860000
67.48272773680156,60.06033416667951,69.73091756050208,R. Martín,Sobianitedrucy,2021,D,Spicy Pointers,38,3.7,2.87,2.15,42.15,0.02,0,0,3960000
72.8741096572373,69.42134544445074,75.83406655698644,G. Caputo,Nkasland Cronestan,2021,D,Strange Pioneers,24,34.9,1.5,2.26,63.36,22.14,0.13,0.23,21610000
84.49483303134178,85.25166004549042,109.47725885944276,D. Sorrentino,Sobianitedrucy,2021,D,Strange Pioneers,31,3.03,1.32,2.43,59.97,99.95,0.42,0,14950000
68.1921560054,63.03925262842016,76.05023469170435,E. bin Mohamed,Cabral Retrea,2021,D,Sugar Bengals,24,1.6,0.64,3.43,83.38,0.01,0.04,0,27110000
76.49998913887273,70.59487675817253,78.47563270273484,J. Koval,Saintu,2021,D,Sugar Bengals,37,36.1,1,2.15,72.35,37.86,0.01,0.12,17600000
71.892781870759,67.8509972546266,78.04086640533066,M. Nyamahunge,Loco Phirema,2021,D,Wet Flames,33,1.05,0.96,1.95,66.63,0,0,0,11220000
71.93012837815056,69.48363666017968,76.36000458327817,A. Whang,Rosvi,2021,D,Wet Flames,24,4.94,1.2,2.77,73.69,20.01,0,0.11,21140000
71.85754497212842,64.34654300624351,73.3665766241894,V. Guillaume,Sobianitedrucy,2021,D,Wet Flames,34,31.91,2.02,2.25,58.08,21.89,0,0.34,15480000
73.33254126839742,68.79673522384255,73.88926243876497,X. Arnaud,Imaar Vircoand,2021,E,Big Foxes,28,32.07,1.44,2.45,68.61,28.04,0,0.2,13150000
79.83904205099338,79.43954412805297,93.0278432465293,G. Chandiga,Nganion,2021,E,Big Foxes,42,1.91,1.42,1.44,50.09,50.01,0.04,0.03,17910000
70.02705311879826,65.71180123319648,75.64017567393161,I. Friedrich,Nganion,2021,E,Big Foxes,27,4.04,2.56,1.49,40.06,0,0,0.32,6200000
72.40108389236194,68.64715616021115,73.68729248734746,K. Kravchenko,Greri Landmoslands,2021,E,Deferred Dolphins,27,32.06,1.79,2.38,61.17,25.06,0.09,0.17,11670000
57.961655658845466,45.125068196929604,84.67521531420608,E. Kantono,Nganion,2021,E,Deferred Dolphins,19,0.91,2,6,85.63,0,1.07,0.9,20780000
69.56590654993919,68.33528895928438,73.84089390117975,Q. König,Nganion,2021,E,Deferred Dolphins,26,5.05,1.63,3.28,66.76,19.92,0,0,14980000
68.57158265686985,64.12098696516645,69.76005210707157,C. Shevchenko,Nganion,2021,E,Delta Colts,32,24.94,1.54,3.02,67.9,8,0.09,0.2,14210000
71.54224696186878,66.849585192377,74.65856123881052,F. Dauda,Nganion,2021,E,Delta Colts,35,12.93,1.34,2.16,65.04,7.64,0,0.21,5730000
75.42418052606301,73.05541049229451,77.39810467042354,W. Abeja,Esia,2021,E,Festive Governors,29,31.06,1.01,2.41,71.56,35.56,0,0.02,10460000
77.13019499497393,74.02701840458127,81.5297401517935,G. Kyobutungi,Lefghau,2021,E,Festive Governors,32,6.94,0.84,2.39,81.03,42.98,0,0.22,11650000
76.99149028486923,74.62712224676622,80.54943895972852,B. Brandt,Nganion,2021,E,Flying Penguins,28,28.04,1.18,1.78,66.61,35.79,0.13,0.11,23680000
77.20451289642268,77.97165981077559,84.14826393836647,V. Awio,Nganion,2021,E,Flying Penguins,28,10.01,1.18,1.97,63.39,39.92,0,0.13,17960000
71.70493821456832,69.96259340521918,75.49561507851568,F. De Groot,Nganion,2021,E,Hideous Spiders,23,21.99,1.42,2.78,67.46,22.68,0.08,0.16,21790000
74.79043689389773,73.03975028864812,79.01448414555338,J. Martin,Nganion,2021,E,Hideous Spiders,35,16.06,1.23,1.99,64.08,24.99,0.06,0.18,9080000
77.41301454325686,75.57777409132518,82.21958058249058,I. Ajiko,Nganion,2021,E,Horrible Bison,26,37.99,0.92,1.83,65.08,36.73,0,0.14,29100000
69.36963841035568,66.348271756589,73.33641502066958,E. Lungu,Nganion,2021,E,Mad Bees,24,8.09,1.3,3.19,73.29,12.53,0,0.08,10090000
69.50997685893864,66.95482615765057,74.45159629794229,K. Nkhoma,Nganion,2021,E,Mad Bees,26,0.96,2.04,2.03,50.04,0.01,0,0,17380000
69.91671391566636,65.70027665256724,70.63845569878085,R. Martino,Nganion,2021,E,Mad Bees,30,29.1,1.47,2.71,65.38,10.27,0,0.13,25950000
77.2223256250056,72.26941416273519,79.3095238985934,Y. Ruggiero,Southern Ristan,2021,E,Mad Kingsmen,29,37.9,0.73,2.43,81.11,44.78,0,0.26,15930000
75.49476666356344,75.87610185000071,91.58467760138402,L. Sakurai,Nganion,2021,E,Orange Giants,33,3.36,0.98,0.7,39.9,0.01,0,0.05,9820000
73.36075665486949,69.13476662206207,74.36041788346503,M. Murmu,Rosvi,2021,E,Orange Giants,29,34.7,1.44,2.31,64.13,25.61,0,0.02,9140000
69.58071852351709,67.53584233857627,74.1065786977761,F. K?rkli?š,Imaar Vircoand,2021,E,Plane Janes,29,2.07,1.99,2.04,50.06,0.08,0,0.05,16060000
74.17484145863395,70.6399388309823,77.04284365682376,G. Leung,Nganion,2021,E,Plane Janes,32,36.05,1.08,2.38,70.15,27.74,0.13,0.22,23490000
77.37954933268469,74.30868341261902,79.9547408729978,S. Nuwagira,Saintu,2021,E,Polar Kangaroos,28,38.08,0.62,2.58,80.02,47.35,0,0.01,13220000
73.21834919682662,69.67103762552331,75.48327777413299,L. Antwi,Nganion,2021,E,Punctual Leopards,24,19.88,1.62,2.32,66.64,26.38,0.06,0.23,6370000
74.24626084480258,72.89187199004269,79.08027132047172,Z. Fabre,Nganion,2021,E,Punctual Leopards,26,18.17,1.53,1.77,56.7,21.11,0.09,0.01,24720000
75.74353423797095,76.69996127521398,82.98392872217318,W. Kong,Imaar Vircoand,2021,E,Rabid Greyhounds,29,7.95,1.07,1.8,61.92,25.03,0.07,0.1,17270000
69.79424055131983,65.33558273610619,71.69067576077101,X. Hosseinzadeh,Nganion,2021,E,Rabid Greyhounds,29,30.01,1.55,3.02,69.57,16.73,0.17,0.25,17880000
77.25265285353699,75.17599780369343,80.00160599970854,N. Mucunguzi,Biarizea,2021,E,Running Bigfoots,30,32.97,0.81,2.42,76,45.57,0.04,0.09,17430000
77.99285554012602,78.70931952720117,84.8494463078515,U. Nishimura,Galamily,2021,E,Running Bigfoots,32,4.99,1.05,1.81,64.37,40.03,0,0,11590000
73.28027211359611,70.62490734603854,75.06723996178415,G. Alali,Nganion,2021,E,Sassy Knights,28,32.84,1.28,2.74,70.7,31.33,0.09,0.14,16080000
78.58130894746557,75.64103072765326,84.78728658957928,I. Kisitu,Nganion,2021,E,Sassy Knights,25,2.95,1.01,1.3,71.32,33.23,0.08,0.23,22880000
70.4313024921932,64.4793604338894,74.14477616979433,M. Sseguya,Nganion,2021,E,Sassy Knights,37,2.16,2.4,1.47,44.35,0.07,0.08,0,11510000
75.91824935992636,55.297340432338956,82.94402016279602,C. Ismail,Nganion,2021,E,Screaming Ramblers,25,0.83,0.05,1.2,100.02,0.1,0,0,8080000
73.13644303436219,68.38248962248673,73.90013417771411,M. Ategeka,Nganion,2021,E,Screaming Ramblers,29,37.28,1.55,2.24,62.05,24.34,0,0.06,11710000
75.1813691733926,70.35684989560929,77.08517143435589,C. Musana,Nganion,2021,E,Serious Magicians,24,37,1.17,1.8,66.33,24.32,0,0.12,14350000
72.43160874527547,72.48812196881781,84.89867771677254,O. Herrmann,Nganion,2021,E,Serious Magicians,25,0.93,1.94,1.1,33.36,0,0,0,8110000
72.21598467923596,69.77868961931279,77.65428173251033,O. Nabunya,Byasier Pujan,2021,E,Swift Bison,32,10.09,1.13,3.21,77.88,30.05,0.19,0.12,14670000
69.69297608656512,65.94592241958496,72.30335515201106,G. Taruvinga,Nganion,2021,E,Swift Bison,31,27.99,1.41,3.03,69.37,14.23,0.15,0.24,18270000
75.74119725393967,74.44393906579504,81.62936423623049,"K. Jao,",Nganion,2021,E,Ultimate Penguins,31,18.09,1.37,1.98,62.43,33.25,0.09,0.32,8500000
61.75110384650519,45.62563668571642,68.04598702416214,O. Noor,Cabral Retrea,2021,RFL,Black Coyotes,35,1.08,2.92,4.08,66.78,0,0.01,0.93,3730000
75.44093678595333,72.34850793093304,79.05055268820465,A. Khainza,Sobianitedrucy,2021,RFL,Black Coyotes,22,36.91,1.12,2.42,71.25,37.71,0.09,0.11,1490000
64.35940720535244,53.394844593350285,65.94308472808174,Y. Tsua,Highhlaands,2021,RFL,Educated Avengers,25,3.96,3.56,2.75,43.94,0.09,0.05,0.06,3130000
71.62893966442164,68.33576876342823,72.95460985903665,F. Ithungu,Rarita,2021,RFL,Educated Avengers,29,31.98,1.2,3.52,76.93,34.49,0.01,0.04,1530000
72.22303719086509,71.868234384754,83.15395179400167,S. Marchetti,Rarita,2021,RFL,Educated Avengers,28,1.99,2.04,1.1,33.28,0,0,0.04,1720000
64.63049892618787,57.52625006392812,65.5104052469142,L. Werner,People's Land of Maneau,2021,RFL,Mad Wolverines,28,37.01,2.04,4.4,70.66,16.16,0.12,0.1,6750000
61.142903117218054,56.66915570439342,66.24959635193036,X. Tumushabe,Rarita,2021,RFL,Mad Wolverines,32,0.97,1.92,4.97,71.3,0.04,0.03,0,3390000
80.61821786164315,77.88860527008444,84.78615442568267,T. Kamugisha,Lefghau,2021,RFL,Marvelous Coyotes,28,35.91,0.71,1.69,75.05,52.72,0.11,0.17,1580000
70.80070607648003,61.49210802673657,95.31798729407362,C. Baba,People's Land of Maneau,2021,RFL,Marvelous Coyotes,36,1.09,2.92,0.99,33.28,0,1.09,0.94,4390000
74.61566103069345,74.89071599332206,87.08307028897346,M. Bahri,Slandsganiamayotteque,2021,RFL,Marvelous Coyotes,26,1.01,0.99,1,50.09,0,0.07,0.06,1620000
73.5776034872151,72.03677583441576,80.19662262058866,A. Omar,Rarita,2021,RFL,Red Anchormen,35,3.08,0.58,3.3,83.39,33.22,0,0.03,7320000
69.63114099686426,65.08374314902416,72.99433962911728,F. Akumu,Rarita,2021,RFL,Red Anchormen,21,34.98,1.53,3.81,75.08,31.34,0.09,0.21,5600000
65.72073462907686,60.70655332184757,71.06641614003047,B. Ampofo,Rarita,2021,RFL,Serious Buffaloes,33,1.03,1.06,3.99,79.97,0.01,0,0.04,3840000
69.62108287701203,64.10368836914148,70.34466291817742,N. Irawan,Rarita,2021,RFL,Serious Buffaloes,25,36.99,2.04,2.83,58.88,18.82,0,0.15,2430000
69.9962058279807,63.99755369540855,70.22291093183975,G. Leitner,Rarita,2021,RFL,Strong Oaks,27,29.04,1.98,2.51,60.55,13.72,0,0.25,1660000
70.37506615521235,63.99996355031211,74.97287288432021,U. Nyeko,Rarita,2021,RFL,Strong Oaks,30,6.65,1.84,2.57,65.37,14.24,0,0.48,2370000
65.0548206847844,59.994571334697255,77.1578729233183,Z. Nyamahunge,Rarita,2021,RFL,Strong Oaks,39,2.29,2.15,5.99,73.79,50,0.07,0,7740000
72.65715352963663,67.0537657467482,74.59803887090722,E. Miyazaki,Greri Landmoslands,2021,RFL,Wild Hornets,33,37.06,1.36,2.67,68.56,27.05,0,0.29,1240000
68.91569183330131,64.023773310508,74.66699508533853,M. Asiimwe,Rarita,2021,RFL,Wild Hornets,35,1.09,0.94,2.98,75.07,0,0.04,0.01,4490000
